{
  "config": {
    "size_mb": 100,
    "level": 9,
    "threads": 4,
    "data_type": "text",
    "thresholds": {
      "time_overhead_pct": 5.0,
      "ratio_overhead_pct": 0.5
    }
  },
  "cpu": {
    "cores": 14,
    "model": "Apple M4 Pro"
  },
  "compression": {
    "gzip": {
      "tool": "gzip",
      "operation": "compress",
      "times": [
        4.181844583014026,
        4.189537875005044,
        4.179484541062266,
        4.241346042021178,
        4.244904499966651
      ],
      "median": 4.189537875005044,
      "stdev": 0.03282653735104524,
      "min": 4.179484541062266,
      "max": 4.244904499966651,
      "output_size": 40142362
    },
    "pigz": {
      "tool": "pigz",
      "operation": "compress",
      "times": [
        1.1159079170320183,
        1.1239395409356803,
        1.252562833018601,
        1.2667098329402506,
        1.1110530000878498
      ],
      "median": 1.1239395409356803,
      "stdev": 0.07843833617014453,
      "min": 1.1110530000878498,
      "max": 1.2667098329402506,
      "output_size": 40202394
    },
    "rigz": {
      "tool": "rigz",
      "operation": "compress",
      "times": [
        0.757495499914512,
        0.7699871670920402,
        0.7147195839788765,
        0.7231892499839887,
        0.7205942920409143
      ],
      "median": 0.7231892499839887,
      "stdev": 0.024820985877126233,
      "min": 0.7147195839788765,
      "max": 0.7699871670920402,
      "output_size": 40244908
    },
    "comparison": {
      "baseline": "pigz",
      "overhead_pct": -35.65585837633818,
      "threshold_pct": 5.0,
      "t_statistic": -10.892001533953836,
      "degrees_of_freedom": 4.793119076864942
    },
    "ratio_comparison": {
      "baseline": "pigz",
      "baseline_size": 40202394,
      "rigz_size": 40244908,
      "overhead_pct": 0.10574992126091143,
      "threshold_pct": 0.5
    }
  },
  "decompression": {
    "gzip": {
      "tool": "gzip",
      "operation": "decompress",
      "times": [
        0.5359737910330296,
        0.5487751659238711,
        0.5221947079990059,
        0.5159800419351086,
        0.5212675830116495
      ],
      "median": 0.5221947079990059,
      "stdev": 0.013371440890913225,
      "min": 0.5159800419351086,
      "max": 0.5487751659238711
    },
    "pigz": {
      "tool": "pigz",
      "operation": "decompress",
      "times": [
        0.15277529088780284,
        0.139325916999951,
        0.1330532080028206,
        0.16220841696485877,
        0.1332584999036044
      ],
      "median": 0.139325916999951,
      "stdev": 0.012898973785673283,
      "min": 0.1330532080028206,
      "max": 0.16220841696485877
    },
    "rigz": {
      "tool": "rigz",
      "operation": "decompress",
      "times": [
        0.10837687505409122,
        0.10882383398711681,
        0.10702429199591279,
        0.11892787495162338,
        0.10928466694895178
      ],
      "median": 0.10882383398711681,
      "stdev": 0.004793304408667507,
      "min": 0.10702429199591279,
      "max": 0.11892787495162338
    },
    "comparison": {
      "baseline": "pigz",
      "overhead_pct": -21.892612422457567,
      "threshold_pct": 5.0,
      "t_statistic": -4.956455261291747,
      "degrees_of_freedom": 5.084042369316528
    }
  },
  "passed": true,
  "errors": []
}