{
  "archive_type": "software",
  "threads": 14,
  "original_size": 221249546,
  "compressed_size": 4299485,
  "results": [
    {
      "tool": "gzippy",
      "operation": "decompress",
      "times": [
        0.16858537500957027,
        0.382717041997239,
        0.24467649997677654,
        0.33242370799416676,
        0.3033622090006247,
        0.48765170900151134,
        0.31491416704375297,
        0.9893922079936601,
        0.42592870799126104,
        0.4123143749893643,
        0.22356983396457508,
        0.52306779200444,
        0.28026916697854176,
        0.31233525002608076,
        1.2704235409619287,
        0.35655241599306464,
        0.12065370799973607,
        0.19361958297668025,
        0.3947778750443831,
        0.21473420900292695,
        0.29433491599047557,
        0.32575087499571964,
        0.35042575001716614,
        0.5152535830275156,
        1.3188619999564253,
        0.1009280409780331,
        0.2814538750099018,
        0.2977211660472676,
        0.46179091703379527,
        0.18068316695280373
      ],
      "median": 0.3203325210197363,
      "mean": 0.4026391221986463,
      "stdev": 0.29244522144523444,
      "cv": 0.726320929392831,
      "trials": 30,
      "converged": false,
      "original_size": 221249546,
      "compressed_size": 4299485,
      "speed_mbps": 690.6871187966843,
      "status": "pass",
      "archive_type": "software",
      "threads": 14
    },
    {
      "tool": "unpigz",
      "operation": "decompress",
      "times": [
        0.11015620897524059,
        0.3493674169876613,
        0.3131602919893339,
        0.48500429204432294,
        0.17390599998179823,
        0.3260114170261659,
        1.3216715000453405,
        0.2956438750261441,
        0.3046527919941582,
        0.27627662499435246,
        0.31753274996299297,
        1.4862702910322696,
        0.29124366701580584,
        0.19367266702465713,
        0.2862474170397036,
        0.30130641598952934,
        0.3224194159847684,
        0.2854760409682058,
        0.37736487499205396,
        0.5929577079950832,
        0.21589504095027223,
        1.3398969160043634,
        1.022021875018254,
        0.4262522089993581,
        0.29563604202121496,
        0.540609083021991,
        0.25882479205029085,
        1.5528002090286463,
        0.12284716597059742,
        0.3855950420256704
      ],
      "median": 0.31534652097616345,
      "mean": 0.4856906680720082,
      "stdev": 0.411247873331097,
      "cv": 0.8467279698075765,
      "trials": 30,
      "converged": false,
      "original_size": 221249546,
      "compressed_size": 4299485,
      "speed_mbps": 701.6076959248392,
      "status": "pass",
      "archive_type": "software",
      "threads": 14
    },
    {
      "tool": "rapidgzip",
      "operation": "decompress",
      "times": [
        0.3107172500458546,
        0.38123658299446106,
        0.5305497500230558,
        1.1294115830096416,
        0.2509037090349011,
        0.34493312501581386,
        0.3481087079853751,
        0.3452805000124499,
        0.3116375830140896,
        1.5088738329941407,
        0.17530950001673773,
        0.16623304196400568,
        0.30708983400836587,
        0.44755725003778934,
        0.35323529096785933,
        0.3652142499922775,
        2.161582625005394,
        0.17405754094943404,
        0.2733247919823043,
        0.2796517080278136,
        0.5034306249581277,
        0.3879998750053346,
        1.616476249997504,
        0.2442228330182843,
        0.3828384169610217,
        0.31077075004577637,
        0.3399572079651989,
        0.3156159170321189,
        1.6060933329863474,
        0.07578750001266599
      ],
      "median": 0.3451068125141319,
      "mean": 0.5316033721688048,
      "stdev": 0.5154188130282139,
      "cv": 0.9695551985034216,
      "trials": 30,
      "converged": false,
      "original_size": 221249546,
      "compressed_size": 4299485,
      "speed_mbps": 641.10454496154,
      "status": "pass",
      "archive_type": "software",
      "threads": 14
    }
  ]
}