{
  "archive_type": "silesia",
  "threads": 14,
  "original_size": 211968000,
  "compressed_size": 67585052,
  "results": [
    {
      "tool": "gzippy",
      "operation": "decompress",
      "times": [
        0.27303595800185576,
        0.27501908398699015,
        0.2631335000041872,
        0.252844583010301,
        0.27258945803623646
      ],
      "median": 0.27258945803623646,
      "mean": 0.2673245166079141,
      "stdev": 0.009311010086924457,
      "cv": 0.03483036350377452,
      "trials": 5,
      "converged": true,
      "original_size": 211968000,
      "compressed_size": 67585052,
      "speed_mbps": 777.6089417655404,
      "status": "pass",
      "archive_type": "silesia",
      "threads": 14
    },
    {
      "tool": "unpigz",
      "operation": "decompress",
      "times": [
        0.2358119580312632,
        0.2426266249967739,
        0.318020292033907,
        0.2540209580329247,
        0.26245545799611136,
        0.2362218339694664,
        0.24221008399035782,
        0.23988424998242408,
        0.25395149999530986,
        0.2470321249566041,
        0.23950437497114763,
        0.23538804199779406,
        0.2473504170193337,
        0.25916354096261784,
        0.2388331670081243,
        0.23425754095660523,
        0.23709437501383945,
        0.2507639169925824,
        0.2586823750170879,
        0.23977108398685232,
        0.23584908299380913,
        0.24057787499623373,
        0.23620720801409334,
        0.25688429101137444,
        0.23672004195395857,
        0.23436950001632795,
        0.24030658398987725,
        0.23520791699411348,
        0.25460716598900035,
        0.23293908301275223
      ],
      "median": 0.24009541698615067,
      "mean": 0.24589042222942226,
      "stdev": 0.016221611101409912,
      "cv": 0.06597089449167207,
      "trials": 30,
      "converged": false,
      "original_size": 211968000,
      "compressed_size": 67585052,
      "speed_mbps": 882.8490050363056,
      "status": "pass",
      "archive_type": "silesia",
      "threads": 14
    },
    {
      "tool": "rapidgzip",
      "operation": "decompress",
      "times": [
        0.09391587501158938,
        0.09056008298648521,
        0.10905187501339242,
        0.11385091702686623,
        0.08900529198581353,
        0.08743858302477747,
        0.1255034999921918,
        0.08535812504123896,
        0.08176241698674858,
        0.08264779200544581,
        0.08593554195249453,
        0.10559162503341213,
        0.1179424169822596,
        0.14640470896847546,
        0.08895925001706928,
        0.08803404198260978,
        0.10258262499701232,
        0.07959391694748774,
        0.07910462497966364,
        0.08319758297875524,
        0.09828308300347999,
        0.26242704200558364,
        0.2648408339591697,
        0.5317670410149731,
        0.28669595799874514,
        0.2728786669904366,
        0.3784656669595279,
        0.25819870800478384,
        0.298855957982596,
        1.3051989999949
      ],
      "median": 0.10408712501521222,
      "mean": 0.19646842506093284,
      "stdev": 0.23682128880248582,
      "cv": 1.2053910888176453,
      "trials": 30,
      "converged": false,
      "original_size": 211968000,
      "compressed_size": 67585052,
      "speed_mbps": 2036.4478312665576,
      "status": "pass",
      "archive_type": "silesia",
      "threads": 14
    }
  ]
}