{
  "archive_type": "logs",
  "threads": 14,
  "original_size": 221249619,
  "compressed_size": 12466218,
  "results": [
    {
      "tool": "gzippy",
      "operation": "decompress",
      "times": [
        0.15559404203668237,
        0.3185007499996573,
        0.3089038750040345,
        1.354460792033933,
        0.2819712500204332,
        0.3827858750009909,
        1.6087680410128087,
        0.11289962497539818,
        0.16482279199408367,
        0.28908658400177956,
        0.28154208295745775,
        0.31999904196709394,
        0.3206316669820808,
        0.3054535830160603,
        1.5794731249916367,
        0.2672107499674894,
        0.27880058297887444,
        0.2942671669879928,
        0.36508100002538413,
        0.3133794160094112,
        1.4433317919611,
        0.10670420801034197,
        0.2666988340206444,
        0.5211224580416456,
        0.2059738750103861,
        0.34264874999644235,
        1.4822286249836907,
        0.14715775003423914,
        0.6404863339848816,
        0.1932133750524372
      ],
      "median": 0.3071787290100474,
      "mean": 0.4884399347686364,
      "stdev": 0.4712104249384106,
      "cv": 0.964725427624203,
      "trials": 30,
      "converged": false,
      "original_size": 221249619,
      "compressed_size": 12466218,
      "speed_mbps": 720.263475641776,
      "status": "pass",
      "archive_type": "logs",
      "threads": 14
    },
    {
      "tool": "unpigz",
      "operation": "decompress",
      "times": [
        0.513194541039411,
        0.18607804196653888,
        0.5893452920136042,
        0.5122237500036135,
        0.25175945897353813,
        1.2316132920095697,
        0.25235616602003574,
        0.3467681249603629,
        0.5526085830060765,
        0.23663537501124665,
        0.34176854201359674,
        1.4030677920090966,
        0.14695937500800937,
        0.278826542024035,
        0.34320583299268037,
        0.5115740000037476,
        1.464342332968954,
        0.10557975003030151,
        0.1662311659893021,
        0.2708236660109833,
        0.3919462920166552,
        0.5218364999745972,
        0.16775445896200836,
        1.4943475830368698,
        0.17059266596334055,
        0.15204729099059477,
        0.2911743330187164,
        0.5190462499740534,
        0.16233379195909947,
        0.3059986250009388
      ],
      "median": 0.32388358350726776,
      "mean": 0.4627346471650526,
      "stdev": 0.4001625301412316,
      "cv": 0.8647775406333423,
      "trials": 30,
      "converged": false,
      "original_size": 221249619,
      "compressed_size": 12466218,
      "speed_mbps": 683.1146444785315,
      "status": "pass",
      "archive_type": "logs",
      "threads": 14
    },
    {
      "tool": "rapidgzip",
      "operation": "decompress",
      "times": [
        0.13175395800499246,
        0.3213532919762656,
        1.558116083033383,
        0.16737029200885445,
        0.2757846669992432,
        0.285402542038355,
        0.32207170798210427,
        0.27903212496312335,
        0.7274357079877518,
        0.1400893329991959,
        0.14959933300269768,
        1.6630657080095261,
        0.07767891598632559,
        0.3741532080457546,
        0.44813395803794265,
        0.20279512502020225,
        0.3692720420076512,
        0.3799582499777898,
        2.1016865840065293,
        0.23364925000350922,
        0.30359124997630715,
        0.2810835840064101,
        0.5157793329562992,
        0.1952442919719033,
        1.550056207983289,
        0.3142314580036327,
        0.34506287501426414,
        0.2755409170058556,
        0.33799704199191183,
        0.323007041006349
      ],
      "median": 0.31779237498994917,
      "mean": 0.48833320273358066,
      "stdev": 0.5129035677462447,
      "cv": 1.0503147540964337,
      "trials": 30,
      "converged": false,
      "original_size": 221249619,
      "compressed_size": 12466218,
      "speed_mbps": 696.2080792750218,
      "status": "pass",
      "archive_type": "logs",
      "threads": 14
    }
  ]
}